timestamp,satellite_1,satellite_2,x1_km,y1_km,z1_km,vx1_km_s,vy1_km_s,vz1_km_s,x2_km,y2_km,z2_km,vx2_km_s,vy2_km_s,vz2_km_s,miss_distance_km,relative_velocity_kms,risk_class
2025-06-29 13:51:50.839280,COSMOS 2455,04764U,-6410.757167567805,-2940.2379090402023,1826.810464994359,-0.311886915405942,-3.406380274029074,-6.559135138383141,-6408.793375873551,-2636.6931876494814,1659.5111574049458,1.11635821177173,1.8345576280402929,7.1770743484767925,346.601086,14.771282,NEGLIGIBLE
2025-06-29 14:42:50.839280,COSMOS 2455,04764U,6398.147452737666,2810.281340285073,-2051.1627141089066,0.5396942882196825,3.506819701841982,6.493972401147096,6369.530928786571,2545.5836883002685,-2083.680914613914,-1.4967266769037613,-1.9819084681701256,-7.019901019228422,268.218541,14.727455,NEGLIGIBLE
2025-06-29 15:33:50.839280,COSMOS 2455,04764U,-6384.281127388001,-2691.0037105588813,2252.771795683861,-0.7556827315258215,-3.5953931537654817,-6.420688376877258,-6246.241066077696,-2432.9315149541726,2414.1571401446213,1.85977273170564,2.135445395847835,6.936290558496561,334.217812,14.767938,NEGLIGIBLE
2025-06-29 16:23:50.839280,COSMOS 2455,04764U,6285.606525374204,2329.051818867673,-2847.917504665565,1.374388922842818,3.8375740777027176,6.175107788291323,6288.680800738625,2458.3079714045884,-2409.5528470511726,-1.8147049891639169,-2.110917510780759,-6.905758620170207,457.034109,14.719509,NEGLIGIBLE
2025-06-29 16:24:50.839280,COSMOS 2455,04764U,6356.344236752136,2554.838017811406,-2472.338544829184,0.9827907581663252,3.686290034114472,6.340318750008568,6167.623346317894,2326.9487138351524,-2818.9236236906004,-2.219231594808059,-2.266321973194043,-6.7355215387952185,455.708598,14.719515,NEGLIGIBLE
2025-06-29 17:14:50.839280,COSMOS 2455,04764U,-6244.446057831593,-2199.7843725441576,3038.7320608341693,-1.5863043643222363,-3.909071221888036,-6.076597412996991,-6148.498215596407,-2338.279429465167,2735.933328597124,2.176854110986543,2.261348908650504,6.802969494861035,346.51687,14.768842,NEGLIGIBLE
2025-06-29 18:05:50.839280,COSMOS 2455,04764U,6187.814810938476,2053.5058155644933,-3246.4174491347635,1.8086747993574348,3.981144070639549,5.968214047283892,6053.520414589511,2226.305736215749,-3130.6384613983496,-2.525572030636916,-2.384806703242807,-6.584484657127348,247.587503,14.726889,NEGLIGIBLE
2025-06-29 18:56:50.839280,COSMOS 2455,04764U,-6132.448098998173,-1919.9992225433912,3430.3637134704923,-2.017250918217958,-4.043014665914549,-5.857129021611678,-5874.984166682809,-2090.3880150327013,3443.9547791312984,2.8824355452770924,2.5258307617212856,6.437704840446048,309.038402,14.775642,NEGLIGIBLE
2025-06-29 19:47:50.839280,COSMOS 2455,04764U,6060.909804391618,1769.5448529654584,-3630.4686918887087,2.235620052808924,4.104414857607701,5.734831411763704,5744.405885139508,1966.1272996716111,-3813.055985100424,-3.204188064641768,-2.631015326006113,-6.182075240145181,414.918677,14.729908,NEGLIGIBLE
2025-06-29 13:39:50.839280,COSMOS 2455,12742U,-4567.239802610333,51.13287630027759,5670.875009856234,-4.5776359298466245,-4.52929807972583,-3.6387225905420895,-4396.128397635796,-320.2422105165168,5925.699631066182,5.870014101401868,-1.0852097211326022,4.259322203586267,481.803026,13.542313,NEGLIGIBLE
2025-06-29 14:31:50.839280,COSMOS 2455,12742U,4683.540355910948,57.05700732176421,-5577.835246756768,4.457896466361303,4.521111949994029,3.790530737038576,4440.979916921627,303.51298559078896,-5841.857563396544,-5.817844867359524,1.0999328572854523,-4.395428915241142,435.067695,13.575907,NEGLIGIBLE
2025-06-29 15:23:50.839280,COSMOS 2455,12742U,-4809.702661884985,-180.55758776934283,5464.409639678581,-4.328680263583737,-4.512136404583686,-3.9514592431693463,-4699.729750273377,-258.18103755905423,5692.9617596109,5.632382075273754,-1.1056748532047052,4.562410892290618,265.246136,13.539303,NEGLIGIBLE
2025-06-29 16:15:50.839280,COSMOS 2455,12742U,4919.659614621737,287.815709979452,-5363.255876461446,4.202735270264605,4.498292915784897,4.0976212009970885,4741.448424757567,240.7162693871426,-5602.286390385791,-5.573796447224089,1.1196722220618718,-4.698908344176458,301.849585,13.57846,NEGLIGIBLE
2025-06-29 17:07:50.839280,COSMOS 2455,12742U,-5038.960203002087,-410.2670292331662,5241.2570920973285,-4.066397819848928,-4.482823166875078,-4.252174585269577,-4990.335497768839,-194.85317402027684,5444.570471542515,5.379332861207799,-1.122643338168004,4.852873273534589,300.172986,13.543062,NEGLIGIBLE
2025-06-29 17:59:50.839280,COSMOS 2455,12742U,5142.240831358036,516.307533191022,-5132.30694733406,3.934559387967514,4.463404333262307,4.392294468619433,5028.575656472908,176.69795860047566,-5347.060765374037,-5.313994231462572,1.1358285729561195,-4.98948528364568,417.580696,13.587726,NEGLIGIBLE
2025-06-29 13:23:50.839280,COSMOS 2455,29798U,1165.2184193057567,3721.260668791541,6146.463598354196,-6.405390741694072,-2.502251180784788,2.7280995625599083,863.456019176544,3751.033309826728,6201.174179262651,3.5522039617839463,5.347436096522777,-3.6299684147481153,308.123683,14.184369,NEGLIGIBLE
2025-06-29 15:06:50.839280,COSMOS 2455,29798U,1212.475011140452,3731.574573901747,6131.0617297523295,-6.406055057638919,-2.4612570416500845,2.763664503999659,859.0229073656419,3752.697081368335,6201.100211117808,3.545213938557943,5.351376112073382,-3.630441484639945,360.943124,14.175669,NEGLIGIBLE
2025-06-29 15:58:50.839280,COSMOS 2455,29798U,-1047.7798817744583,-3666.2500577963274,-6207.9339563286685,6.435508151068615,2.551806503025022,-2.5898781674005438,-803.9512955878706,-3658.501292189234,-6211.460711815231,-3.556732770514174,-5.354945554310612,3.706942687532115,243.977173,14.213077,NEGLIGIBLE
2025-06-29 16:49:50.839280,COSMOS 2455,29798U,1259.7648622841425,3741.5146964704286,6115.460649792507,-6.406321438611948,-2.4202026489584,2.7991401497970783,854.5881844743529,3754.3573549517514,6201.024609591897,3.5382193631699086,5.355305401795732,-3.630917706939406,414.311797,14.166794,NEGLIGIBLE
2025-06-29 17:41:50.839280,COSMOS 2455,29798U,-1095.029935790159,-3677.1917162457567,-6193.305101623557,6.437026120281076,2.5110988816174133,-2.6257012513729414,-799.7699942434377,-3660.1166336455617,-6210.732816682725,-3.54996935164503,-5.3591727783559095,3.707871414941272,296.266294,14.205471,NEGLIGIBLE
2025-06-29 18:32:50.839280,COSMOS 2455,29798U,1307.0846032938134,3751.080613525565,6099.660864009173,-6.406189515236947,-2.379091369151939,2.834525348869064,850.1518505445366,3756.01413003104,6200.947370214318,3.5312202546928533,5.359223961581136,-3.6313970833757785,468.050036,14.157747,NEGLIGIBLE
2025-06-29 19:24:50.839280,COSMOS 2455,29798U,-1142.319957003102,-3687.761256609951,-6178.475596896664,6.4381478620587576,2.470324962579826,-2.6614397561299423,-795.5889420850185,-3661.731955264382,-6210.00195918355,-3.543200080660329,-5.363388268440526,3.7088047320963216,349.132973,14.197689,NEGLIGIBLE
2025-06-29 21:07:50.839280,COSMOS 2455,29798U,-1189.646590859271,-3697.9582013576455,-6163.445920797547,6.43887295000315,2.429488088690823,-2.697092530449404,-791.4081256491834,-3663.3472631723935,-6209.268141070387,-3.5364249777213166,-5.367592011308368,3.709742635950155,402.357389,14.189734,NEGLIGIBLE
2025-06-29 22:50:50.839280,COSMOS 2455,29798U,-1237.0064791123832,-3707.782101916852,-6148.2165584183695,6.439200987016943,2.388591606741674,-2.7326584257020783,-787.2275314415219,-3664.962563426516,-6208.531364094071,-3.5296440630213075,-5.371783993733841,3.7106851234338074,455.820678,14.181607,NEGLIGIBLE
2025-06-30 01:25:50.839280,COSMOS 2455,29798U,1109.9576537097082,3645.810276390877,6201.667202428874,-6.482257865968165,-2.4438979442329605,2.595894789946365,1040.9232823630816,4077.985865005453,5971.339110398172,3.4458273132178663,5.134748765289501,-4.006929251008869,494.562952,14.127988,NEGLIGIBLE
2025-06-30 03:08:50.839280,COSMOS 2455,29798U,1157.4158358036996,3655.964627371406,6187.006326468455,-6.483064739579393,-2.4031088227930137,2.631778162300374,1036.0661969871555,4079.854639032474,5971.225293466969,3.439096745973988,5.138532113385563,-4.007378015787601,490.886882,14.121049,NEGLIGIBLE
2025-06-30 04:00:50.839280,COSMOS 2455,29798U,-990.672148895051,-3592.255075208766,-6260.250672663158,6.51087108177743,2.491499740124889,-2.456726465744742,-983.6590312755814,-3985.78023653716,-5971.958169366427,-3.454230352634841,-5.144670638063222,4.095669114560768,487.876833,14.161505,NEGLIGIBLE
2025-06-30 04:51:50.839280,COSMOS 2455,29798U,1204.907590255788,3665.745739755053,6172.144441899867,-6.483473171638142,-2.362259959603452,2.667576521318424,1031.2072369448824,4081.719272548096,5971.109623017963,3.4323617957041543,5.142304924192397,-4.007829901206763,493.579569,14.113941,NEGLIGIBLE
2025-06-29 21:11:50.839280,COSMOS 2455,30057U,375.5121945000831,-3011.746290102328,-6622.465410085079,6.539737064490707,3.260665133750393,-1.109253272074466,753.3843367558288,-3328.7524357238844,-6561.326898423016,-1.0242234911179782,-6.630075946626964,3.008123132033795,497.009225,13.114612,NEGLIGIBLE
2025-06-29 22:04:50.839280,COSMOS 2455,30057U,-945.4753228879432,2711.785013470773,6688.673881096482,-6.490332425190913,-3.511535279029256,0.5079527934381021,-883.0124984381264,2550.735266752455,6964.793680195588,0.9603396242262644,6.743676452548534,-2.5654526608631865,325.700428,13.043301,NEGLIGIBLE
2025-06-29 22:55:50.839280,COSMOS 2455,30057U,721.8705251388915,-2832.113147397097,-6672.683331508822,6.519210565742341,3.4040815979671173,-0.7368930116059526,884.5445528787384,-2427.524465202483,-6901.281471831788,-0.9093633372969508,-7.005753878601434,2.1280490183835767,492.353482,13.105582,NEGLIGIBLE
2025-06-29 22:56:50.839280,COSMOS 2455,30057U,1111.4480964742106,-2622.760244661558,-6704.507405693968,6.462707984442649,3.5721996334938737,-0.3235806715514912,828.4382621439202,-2843.294718210528,-6761.34586045211,-0.9602374431454564,-6.849218363812285,2.5347912261365084,363.263858,13.110163,NEGLIGIBLE
2025-06-29 14:29:50.839280,COSMOS 2455,30755U,4115.26073175395,-484.5600430242407,-5990.202136090166,5.001684704424279,4.494693964882966,3.07381570944426,3890.2987577039903,-896.2180313153468,-6041.391956557875,-6.204886065326534,-0.5352295457540018,-3.911022869425638,471.901035,14.130652,NEGLIGIBLE
2025-06-29 15:19:50.839280,COSMOS 2455,30755U,-3639.120467087656,897.0105073250776,6241.728880269975,-5.377824450602202,-4.423181929448544,-2.4942115359152126,-3718.054203273001,869.1082909615219,5875.633757435157,6.441804329552263,0.549934012811319,3.9946666960578368,375.545879,14.371536,NEGLIGIBLE
2025-06-30 02:26:50.839280,COSMOS 2455,30933U,2536.422413604172,-1758.0569721939617,-6598.013807056573,6.055618593380197,4.050716095630143,1.2504134481218934,2338.34960958734,-2173.1807181692816,-6485.077937228731,-6.321125817465143,2.283830857666513,-3.0682550472876,473.61912,13.227115,NEGLIGIBLE
2025-06-30 03:17:50.839280,COSMOS 2455,30933U,-2340.3447831053813,1886.9963374314643,6629.9424905851865,-6.145931910825529,-3.983645817377035,-1.032049719954078,-2112.7826136597023,2065.684267565967,6456.507324931086,6.521179690589263,-2.401588890335304,2.8761777978207124,337.33318,13.350388,NEGLIGIBLE
2025-06-30 04:07:50.839280,COSMOS 2455,30933U,1750.4672933105614,-2256.585153312039,-6701.1186212538605,6.344493732635298,3.7724543865161935,0.3891126808174064,2204.259413865952,-2120.6495981330318,-6549.674989366686,-6.375524200472166,2.3244550746898343,-2.919982345877025,497.333829,13.222922,NEGLIGIBLE
2025-06-30 04:08:50.839280,COSMOS 2455,30933U,2127.666921814399,-2026.2065140680093,-6665.369654773256,6.22495200027172,3.904469480951515,0.8021579842047099,1817.8017416032287,-1977.2605150786976,-6712.349468903679,-6.502338198668441,2.4536606072309524,-2.500756276683298,317.205365,13.228681,NEGLIGIBLE
2025-06-30 04:59:50.839280,COSMOS 2455,30933U,-1925.7028325354663,2149.8528656581016,6682.88941601177,-6.301891730996118,-3.828376579463317,-0.5812916738168921,-1575.4224457740377,1860.1510333987044,6667.130854304688,6.691480311148411,-2.571056488333951,2.280113416821297,454.831654,13.363989,NEGLIGIBLE
2025-06-29 15:14:50.839280,COSMOS 2455,30946U,-1883.308595563157,2162.344949349494,6690.875483757272,-6.2370673238379934,-3.947183559448345,-0.4769671295867946,-1597.8423705625776,1944.0805133160216,6696.4475018822495,-1.4014789952027775,6.934757645357071,-2.295229371695376,359.390285,12.04598,NEGLIGIBLE
2025-06-29 16:05:50.839280,COSMOS 2455,30946U,1667.751486739181,-2299.4004206144905,-6707.7173858621945,6.299759600022608,3.858355704298126,0.2459387351255071,1647.6582835241018,-2261.914413421989,-6492.807527931202,1.311812472971652,-6.872386684678172,2.7734257321956046,219.078033,12.100274,NEGLIGIBLE
2025-06-29 13:35:50.839280,COSMOS 2455,32111U,-3344.6682287677518,1125.9431754095967,6367.793127017858,-5.559992061707992,-4.383161635896784,-2.1402538193438336,-3331.1283924415743,664.8291556856697,6292.260165138096,6.543119670009843,1.0477054744021983,3.447771293508082,467.455554,14.39464,NEGLIGIBLE
2025-06-29 19:37:50.839280,COSMOS 2455,33994U,3711.2169309773326,-861.8950216810173,-6207.891415730745,5.35154892007964,4.394240406042442,2.5905524301244456,3720.384164186361,-1058.7610746197272,-5994.966835406779,-4.174071207837188,5.127514012650579,-3.476953331859745,290.133,11.317674,NEGLIGIBLE
2025-06-29 20:28:50.839280,COSMOS 2455,33994U,-3539.078830054843,1003.615958720416,6282.797489704016,-5.480013431256763,-4.357243389690892,-2.385446349123051,-3426.9238488205933,712.0566526762484,6215.453232460572,4.421110905607974,-5.195639223797508,3.0456153352745727,319.56348,11.323939,NEGLIGIBLE
2025-06-29 17:37:50.839280,COSMOS 2455,41206U,-2592.467296098761,-4165.627148730429,-5386.496016093505,5.979933448611963,1.538966112768446,-4.064616400655398,-2936.032922856251,-3871.838671109554,-5323.289103328808,-4.545597938389277,-3.257819084389246,4.885891664703646,456.447284,14.625579,NEGLIGIBLE
2025-06-29 18:28:50.839280,COSMOS 2455,41206U,2790.797576966152,4205.643264479765,5245.50771761457,-5.896773093711326,-1.3900193256720332,4.2483122175143295,3052.329155490856,3950.690416482463,5157.197637739423,4.477855965484689,3.1634348976954767,-5.054840157084701,375.763744,14.659997,NEGLIGIBLE
2025-06-29 19:19:50.839280,COSMOS 2455,41206U,-2991.6938812485787,-4248.235998651917,-5108.06812769134,5.795696413668724,1.2371023978594575,-4.419684958350371,-3143.666108175613,-4025.780632466172,-5084.689387993261,-4.388217682889957,-3.0636980303258072,5.149502263839573,270.422841,14.621161,NEGLIGIBLE
2025-06-29 22:43:50.839280,COSMOS 2455,41206U,-3749.9807264443934,-4349.812086321037,-4484.549832859552,5.345615635419032,0.6218613732717038,-5.06978709680326,-3534.7731903295157,-4305.786094295797,-4571.335770872369,-4.043467799829542,-2.6523763651660195,5.639296315908099,236.187152,14.613692,NEGLIGIBLE
2025-06-29 23:34:50.839280,COSMOS 2455,41206U,3928.037578053717,4358.059416535436,4310.173809649391,-5.220820063766035,-0.4664371723304699,5.224179486900596,3639.796535373778,4370.423196488754,4382.169479965176,3.953032995748986,2.539057432792455,-5.789981972243091,297.353558,14.645966,NEGLIGIBLE
2025-06-30 00:25:50.839280,COSMOS 2455,41206U,-4105.423260506343,-4368.496866602868,-4142.214324361522,5.081693585264096,0.3115164767101158,-5.361915656318589,-3717.344909377593,-4431.125824800845,-4297.8053372827535,-3.856935926166571,-2.4360961651199293,5.864279756189357,422.771518,14.610816,NEGLIGIBLE
2025-06-30 01:16:50.839280,COSMOS 2455,41206U,4274.879721507954,4365.999462812598,3958.079601649021,-4.9438923655414095,-0.1554594698710096,5.50495688785649,3817.9106906738,4490.429559148811,4101.578112912745,3.759306175211431,2.317007088029173,-6.007557918666269,494.86904,14.642293,NEGLIGIBLE
2025-06-29 13:49:50.839280,COSMOS 2455,41289U,-6325.868799884737,-2510.6729878720294,2598.369110240311,-1.1011536052810966,-3.7441644027007306,-6.284231625756207,-6472.834411738625,-2309.597705995668,2278.837150114413,1.788970461649074,1.8862954642904528,6.938565167315817,405.130638,14.659374,NEGLIGIBLE
2025-06-29 14:40:50.839280,COSMOS 2455,41289U,6286.041509019355,2369.639546511519,-2813.237973598199,1.326359745655855,3.828077191820594,6.1915369011848265,6404.754091745804,2269.891199074222,-2375.000215500691,-1.8787775757073304,-1.9270867668071685,-6.950177372455038,464.859917,14.700322,NEGLIGIBLE
2025-06-29 15:32:50.839280,COSMOS 2455,41289U,-6327.118521629892,-2470.4188840788083,2633.582035172024,-1.1491495736816153,-3.7551591509236752,-6.269060051540728,-6316.217658539431,-2168.265598210676,2794.385931721194,2.2933629534767346,2.066188441876772,6.737061137586253,342.451938,14.659405,NEGLIGIBLE
2025-06-29 16:23:50.839280,COSMOS 2455,41289U,6285.606525374204,2329.051818867673,-2847.917504665565,1.374388922842818,3.8375740777027176,6.175107788291323,6241.255253112777,2125.3271436907185,-2891.330003784097,-2.386187318946469,-2.106839710197096,-6.737290771907314,212.968128,14.704014,NEGLIGIBLE
2025-06-29 18:05:50.839280,COSMOS 2455,41289U,6187.814810938476,2053.5058155644933,-3246.4174491347635,1.8086747993574348,3.981144070639549,5.968214047283892,6201.219892648366,2100.0511031928154,-2994.768832426841,-2.485957342351881,-2.144502668954144,-6.6887243313487685,256.267802,14.702568,NEGLIGIBLE
2025-06-29 18:56:50.839280,COSMOS 2455,41289U,-6132.448098998173,-1919.9992225433912,3430.3637134704923,-2.017250918217958,-4.043014665914549,-5.857129021611678,-6237.4979720015945,-2118.6620742786004,2999.9355844843294,2.491222742802425,2.141232616756393,6.643248229488681,485.562332,14.657103,NEGLIGIBLE
2025-06-29 18:57:50.839280,COSMOS 2455,41289U,-6242.02880834151,-2158.867279472654,3072.772998027532,-1.6343097329213,-3.916789785722724,-6.058876980981463,-6076.32070809887,-1986.2621511026343,3392.5887741219503,2.879713951187658,2.270739612060201,6.441056657611166,399.416869,14.659818,NEGLIGIBLE
2025-06-29 19:48:50.839280,COSMOS 2455,41289U,6183.714024312696,2012.372953563104,-3279.837022649589,1.8565717119351672,3.9873403980867455,5.949281798924544,5992.845131090799,1939.3322590078765,-3489.539726906995,-2.974384163943808,-2.31045746118688,-6.426870996353093,292.815815,14.702706,NEGLIGIBLE
2025-06-29 21:30:50.839280,COSMOS 2455,41289U,6053.552587833368,1728.119403270637,-3662.572831872175,2.283130859150145,4.10766746858838,5.713682646351421,5944.009475002685,1910.6331585626413,-3588.1346267667964,-3.0696476335543466,-2.3457002518599754,-6.368533052120965,225.503904,14.706398,NEGLIGIBLE
2025-06-29 22:21:50.839280,COSMOS 2455,41289U,-5982.645232998762,-1590.9701205203548,3838.157121169664,-2.4872075779943903,-4.158282816374216,-5.589482241050663,-5980.127134617425,-1929.828782236308,3588.7749010687185,3.069169365014202,2.341228777813725,6.327960708132968,420.741043,14.667734,NEGLIGIBLE
2025-06-30 00:04:50.839280,COSMOS 2455,41289U,-5973.326169001833,-1549.4782764757515,3869.452422914262,-2.534414664645722,-4.159739099808701,-5.567139951069582,-5729.041518022303,-1754.6477594615392,4054.461770796,3.530667412996361,2.4913333073687034,6.024105627443567,368.779021,14.675795,NEGLIGIBLE
2025-06-30 00:55:50.839280,COSMOS 2455,41289U,5883.864551352583,1395.6077843634907,-4059.5291924122807,2.746936620548475,4.207116648830434,5.429305240260919,5635.530134550949,1703.0694819457638,-4149.892993737188,-3.624774572490242,-2.528801217008088,-5.9925943450877455,405.423599,14.711597,NEGLIGIBLE
2025-06-30 01:46:50.839280,COSMOS 2455,41289U,-5797.755808329027,-1255.7166588175776,4225.838666444189,-2.9454080975864345,-4.246307906392702,-5.292597979486361,-5671.9586321256775,-1722.9302465836647,4146.516574223502,3.619917300255106,2.523773492154195,5.957636596261416,490.311595,14.680098,NEGLIGIBLE
2025-06-29 14:59:50.839280,COSMOS 2455,42366U,3713.623298053075,4400.099963023853,4454.91503180876,-5.322791611341363,-0.6732922169562605,5.097013085362256,3369.659125620984,4243.438293838552,4448.616169806892,-1.7412901817538389,-4.612208643059099,5.693132674444852,378.013103,5.357012,NEGLIGIBLE
2025-06-29 15:00:50.839280,COSMOS 2455,42366U,3387.557849373001,4351.557349525257,4752.253030117398,-5.542682786546366,-0.944290991468814,4.811198075167226,3258.250722727585,3958.0784796845423,4780.69559260137,-1.971056040238592,-4.896525579780536,5.372319704306397,415.156517,5.356448,NEGLIGIBLE
2025-06-29 19:38:50.839280,COSMOS 2455,54491U,4025.2453003586415,-596.8085377617971,-6041.040015439943,5.112827609676809,4.439251101457877,2.969457299936073,4112.035469896971,-325.3182121804417,-5885.068334635289,-6.008738387056495,-1.5485837125089703,-4.16737719240186,324.910289,14.507853,NEGLIGIBLE
2025-06-29 20:30:50.839280,COSMOS 2455,54491U,-4168.856750810851,474.6081062517701,5950.625608957071,-5.003306325801842,-4.448665178209335,-3.1439274523587777,-4036.076873578519,364.6586215651729,6077.911906795936,6.064034664205976,1.5141410800794084,3.873732356218448,214.292292,14.397522,NEGLIGIBLE
2025-06-29 21:21:50.839280,COSMOS 2455,54491U,3994.600628767581,-633.83030636972,-6057.594770772885,5.1494107693774245,4.420116734679478,2.9344791230226472,3879.583463009115,-379.5447385638599,-6039.942017895407,-6.170180938056691,-1.5415887979260068,-3.922762207818074,279.645701,14.5154,NEGLIGIBLE
2025-06-29 22:13:50.839280,COSMOS 2455,54491U,-4139.181569620779,512.1343730959474,5968.167919300664,-5.040785298027283,-4.430561409919482,-3.109419605936476,-3802.3394529297766,417.4483243208238,6220.932557866532,6.214846187010036,1.5064713248427095,3.6338922264961777,431.645713,14.401731,NEGLIGIBLE
2025-06-29 23:04:50.839280,COSMOS 2455,54491U,3963.639391334497,-670.6502233867468,-6073.953035367756,5.185757007746166,4.40065877985742,2.8994068109953743,3641.21987890504,-433.7523375557352,-6185.349463691839,-6.32182843512263,-1.5325833562823954,-3.6722556249141114,415.312069,14.519457,NEGLIGIBLE
2025-06-29 23:55:50.839280,COSMOS 2455,54491U,-3797.0767077506034,813.0135945764947,6158.774032649449,-5.322303751046192,-4.370033331926074,-2.698670306631536,-3937.693129022041,379.5776323134514,6139.812807645616,6.126930934051591,1.5229338375379056,3.771981147698656,456.069336,14.411154,NEGLIGIBLE
2025-06-30 01:38:50.839280,COSMOS 2455,54491U,-3764.593394240804,848.9568784013802,6173.815035025847,-5.357380338455319,-4.349014734047175,-2.662969742138417,-3701.640380652751,432.8158192463336,6278.905218537581,6.273926516600487,1.5147440250336222,3.5297008262504472,433.79766,14.422903,NEGLIGIBLE
2025-06-29 19:16:50.839280,COSMOS 2540,10306U,-6872.073155601197,-1227.204566773964,2170.6079267863347,1.9246946615922595,1.6022609068800706,6.954600992025677,-6560.07945162728,-1251.294364150698,1940.2236702611056,2.44197913690795,-6.749453072459992,3.0366929344900178,388.583704,9.239519,NEGLIGIBLE
2025-06-30 04:21:50.839280,COSMOS 2540,21373U,1592.97392554434,1541.4606599819022,6965.284734862981,7.01033468365129,1.354254895673608,-1.8877032193075691,1484.185636437243,1391.0635637593991,7205.066725763011,-0.7785765159087704,-7.111850932913501,1.477961790466773,303.231894,11.986233,NEGLIGIBLE
2025-06-29 22:01:50.839280,COSMOS 2540,24239U,4882.2926596299685,226.17092246347175,-5475.912619062012,-5.240755366336878,-2.0142480677768466,-4.755601168282925,4438.313698539078,120.37433232357328,-5320.340779408548,-5.770539938905141,1.6028792959694558,-4.734536339193693,482.195846,3.65578,NEGLIGIBLE
2025-06-30 00:44:50.839280,COSMOS 2540,24602U,-2268.746125180001,619.3441727699251,6915.533969845382,6.822386020110079,1.9497385552004256,2.0669556669136493,-2201.5025882715577,776.8085104498155,7357.008910504282,4.521846085111564,-5.239260569131134,1.4168016206947172,473.5154,7.576074,NEGLIGIBLE
2025-06-30 00:45:50.839280,COSMOS 2540,24602U,-1855.495802169205,735.122319345376,7026.772270368778,6.948406645074164,1.9083512063773056,1.6398793851222253,-1926.9025601555013,461.4078363204717,7430.480663665819,4.629363195393315,-5.271507976112994,1.0307685065945122,492.949298,7.569634,NEGLIGIBLE
2025-06-30 03:20:50.839280,COSMOS 2540,24602U,2274.519956704216,-619.6714669184007,-6949.363698257109,-6.792251432286624,-1.952004374549904,-2.042201876393364,2207.9896326476905,-923.0660725555784,-6749.14160181372,-4.496578283007874,5.513025238654512,-2.707264617457237,369.544935,7.838309,NEGLIGIBLE
2025-06-30 03:21:50.839280,COSMOS 2540,24602U,1863.1190339959403,-735.6014947623684,-7059.232207437474,-6.91695504513948,-1.9111578586248184,-1.6189544292469689,1934.0896594080407,-590.7074779945337,-6898.355747328856,-4.630179066570899,5.56185628883258,-2.266041941357644,227.842799,7.841811,NEGLIGIBLE
2025-06-29 18:03:50.839280,COSMOS 2540,30379U,3888.479006574876,1878.9783689755288,5904.325772175796,6.044959283284375,0.6967990706395498,-4.179128810028648,3674.92582670656,2304.012097438631,5800.254204779276,5.886970894995222,1.462879558885008,-4.26767090963156,486.918394,0.787197,NEGLIGIBLE
2025-06-29 18:02:50.839280,COSMOS 2540,30564U,3518.896740211153,1833.762573494544,6144.104752355717,6.270694006000309,0.8099425465590887,-3.811052823366118,3728.453047338147,2097.0686908528405,5880.004110885861,5.900014027833627,1.1125722848904327,-4.3119027272722965,427.776935,0.692704,NEGLIGIBLE
2025-06-29 18:03:50.839280,COSMOS 2540,30564U,3888.479006574876,1878.9783689755288,5904.325772175796,6.044959283284375,0.6967990706395498,-4.179128810028648,3728.453047338147,2097.0686908528405,5880.004110885861,5.900014027833627,1.1125722848904327,-4.3119027272722965,271.593887,0.459897,NEGLIGIBLE
2025-06-29 20:27:50.839280,COSMOS 2540,34077U,1082.2821846884417,-947.7493120571476,-7194.757593132545,-7.090037829446241,-1.7825835104851804,-0.8232873218142029,1319.7926303878803,-1160.5624334593883,-6847.390607615169,-4.021516720052636,6.068872817999022,-1.807485717660711,471.555362,8.487039,NEGLIGIBLE
2025-06-29 18:42:50.839280,COSMOS 2540,34797U,1520.5944892493296,-836.7998178183619,-7129.46679834699,-7.010781723900705,-1.8296895752383904,-1.2727389690903292,1535.902376550233,-1233.0098479370204,-6848.518279637277,4.911876345770356,5.638351519530881,0.0283826790419045,485.951427,14.128494,NEGLIGIBLE
2025-06-29 19:33:50.839280,COSMOS 2540,34797U,-1901.1180863663935,728.8796524819448,7015.108517294279,6.942240944555009,1.887735629941289,1.6897005358335628,-1690.5161477165532,1059.8118285210492,6856.176392038256,-4.827872662644112,-5.678556256980254,-0.3706718471814826,423.235989,14.143178,NEGLIGIBLE
2025-06-29 20:24:50.839280,COSMOS 2540,34797U,2334.020340902124,-613.2425711332795,-6930.3378689207375,-6.780406131595552,-1.9240635763048093,-2.106678563766643,2109.4896391487537,-554.4517070691251,-6791.370407909911,4.685309628232372,5.744782955562034,0.9262392594357418,270.522378,14.123471,NEGLIGIBLE
2025-06-29 21:15:50.839280,COSMOS 2540,34797U,-2703.3885507818995,498.7749495193576,6767.227882225231,6.663567670307404,1.9698413279036937,2.518622508416958,-2253.183340184891,378.1968636333547,6758.046646810842,-4.582775481607698,-5.762134275954776,-1.2639640497310565,466.16317,14.162332,NEGLIGIBLE
2025-06-30 00:36:50.839280,COSMOS 2540,38413U,-5155.610321014277,-351.624131923408,5163.8169045178665,4.969184507467086,2.016473472328253,5.089144439652679,-5259.347259595251,-248.18254880368792,5498.110788435509,-5.234877967779992,-0.2038514406277384,-5.008731260878158,364.984814,14.526522,NEGLIGIBLE
2025-06-30 01:30:50.839280,COSMOS 2540,38413U,4533.452811428797,106.89344252810378,-5771.394629558222,-5.541759096489461,-2.038450458013953,-4.389165549146105,4830.408610077194,231.74561999010524,-5955.958351455965,5.579509652046529,0.2206745277077013,4.531277155476214,371.260798,14.4347,NEGLIGIBLE
2025-06-30 04:07:50.839280,COSMOS 2540,41074U,-4154.033160158866,14.361112519126404,6008.30458878294,5.843375691545763,2.0618395718327407,4.031328244119232,-3975.4962472261705,-398.90654586081774,5849.8059709650015,-6.11791357989161,1.452620225268869,-4.118206776628453,477.270781,14.486494,NEGLIGIBLE
2025-06-30 04:58:50.839280,COSMOS 2540,41074U,4507.623896723305,108.67724995167885,-5791.523287980547,-5.557679256536376,-2.052707757415261,-4.362287913077169,4578.446560927521,267.5269773989675,-5500.6292869994295,5.670566849904329,-1.463001185403239,4.582192923930984,338.922418,14.367498,NEGLIGIBLE
2025-06-30 01:40:50.839280,COSMOS 2540,41413U,609.7174702612065,-1062.5397359676213,-7233.503483378867,-7.140462996421146,-1.741481360399065,-0.3369236752952087,859.0630024111948,-706.1991097088737,-7114.263678210414,-3.477281774502088,-6.553062746415551,0.2279025415819508,450.965595,6.073651,NEGLIGIBLE
2025-06-30 01:41:50.839280,COSMOS 2540,41413U,180.44458869004745,-1165.04493080213,-7240.597043509448,-7.164286885683977,-1.6743179835736823,0.1005603814188811,648.9163531408441,-1097.7833853823963,-7086.963701939867,-3.525355692062212,-6.495552468580841,0.6817977485616538,497.587292,6.068275,NEGLIGIBLE
2025-06-30 02:31:50.839280,COSMOS 2540,41413U,-994.8047269912936,961.1414575616506,7173.307387200958,7.123719781140928,1.8113737303764563,0.7526462731192325,-744.3299003598571,906.7186922994428,7057.260218996139,3.5235089742126413,6.570147926941344,-0.4737821091518072,281.365281,6.091927,NEGLIGIBLE
2025-06-29 09:22:50.839280,COSMOS 2540,54558U,-7128.962237513693,-1638.48850741566,-0.0093333781994381,-0.2500866201578352,1.1557212315836514,7.292919868594938,-7037.963168275719,-1479.990892673217,-287.91416947194705,-0.5531947174474561,1.04838104625786,7.355062807623401,341.015424,0.327503,NEGLIGIBLE
2025-06-29 09:23:50.839280,COSMOS 2540,54558U,-7128.962237513693,-1638.48850741566,-0.0093333781994381,-0.2500866201578352,1.1557212315836514,7.292919868594938,-7057.582524758903,-1414.2781896656306,153.66247449646312,-0.1006194561747537,1.1413094445072962,7.359385124802158,281.034437,0.164213,NEGLIGIBLE
2025-06-29 11:04:50.839280,COSMOS 2540,54558U,-7128.962237513693,-1638.48850741566,-0.0093333781994381,-0.2500866201578352,1.1557212315836514,7.292919868594938,-7048.490482770707,-1459.7897861706656,-89.53914444708458,-0.3513243962041356,1.090209312826664,7.3603855974317,215.463508,0.138176,NEGLIGIBLE
2025-06-29 11:05:50.839280,COSMOS 2540,54558U,-7128.962237513693,-1638.48850741566,-0.0093333781994381,-0.2500866201578352,1.1557212315836514,7.292919868594938,-7055.990580560175,-1391.6090432604665,351.97369414217553,0.1013519309088972,1.1817236850817006,7.351942359184725,436.080708,0.357308,NEGLIGIBLE
2025-06-29 12:45:50.839280,COSMOS 2540,54558U,-7128.962237513693,-1638.48850741566,-0.0093333781994381,-0.2500866201578352,1.1557212315836514,7.292919868594938,-7031.066203893129,-1503.5641429309871,-332.6245691621226,-0.6015774735745405,1.0372082221979326,7.352767186694404,372.049879,0.37573,NEGLIGIBLE
2025-06-29 12:46:50.839280,COSMOS 2540,54558U,-7128.962237513693,-1638.48850741566,-0.0093333781994381,-0.2500866201578352,1.1557212315836514,7.292919868594938,-7053.600394308533,-1438.4760877055114,108.90071806055724,-0.1493659073217526,1.131667433985984,7.359969316675545,239.887004,0.123365,NEGLIGIBLE
2025-06-29 14:27:50.839280,COSMOS 2540,54558U,-7128.962237513693,-1638.48850741566,-0.0093333781994381,-0.2500866201578352,1.1557212315836514,7.292919868594938,-7042.871647843042,-1483.6477200253698,-134.28835058391488,-0.3998734500724751,1.079661597536475,7.359383525568131,222.301852,0.180662,NEGLIGIBLE
2025-06-29 14:28:50.839280,COSMOS 2540,54558U,-7128.962237513693,-1638.48850741566,-0.0093333781994381,-0.2500866201578352,1.1557212315836514,7.292919868594938,-7053.294063956088,-1416.053606783824,307.25074710654485,0.0525223361443467,1.1727234029162668,7.353819315520036,386.796735,0.309144,NEGLIGIBLE
2025-06-29 16:08:50.839280,COSMOS 2540,54558U,-7128.962237513693,-1638.48850741566,-0.0093333781994381,-0.2500866201578352,1.1557212315836514,7.292919868594938,-7023.818871300461,-1527.050454260812,-377.3088280658126,-0.6498697690677521,1.025767586425867,7.35018022764755,407.220427,0.424256,NEGLIGIBLE
2025-06-29 16:09:50.839280,COSMOS 2540,54558U,-7128.962237513693,-1638.48850741566,-0.0093333781994381,-0.2500866201578352,1.1557212315836514,7.292919868594938,-7049.263150748738,-1462.6032768278528,64.14757697897167,-0.1980447132066213,1.1217524128681606,7.360260864241371,203.478913,0.091635,NEGLIGIBLE
2025-06-29 12:43:50.839280,COSMOS 2566,04764U,4034.714781281288,2543.068455875314,5503.740263155286,1.4709573698115883,6.113038416320099,-3.892080038303322,3791.327651263905,2733.3148848451874,5405.993841932014,5.549575584405318,1.6761780893361495,-4.703250013530132,324.014447,6.081024,NEGLIGIBLE
2025-06-29 12:45:50.839280,COSMOS 2566,04764U,4180.918870840535,3255.991202714388,4996.993682636759,0.9627542485189088,5.754319010158562,-4.5432576960129545,4425.839657511612,2912.5205675374377,4800.627084611312,5.011860621031942,1.3067241687919735,-5.372893688311369,465.315065,6.071627,NEGLIGIBLE
2025-06-29 16:46:50.839280,COSMOS 2566,12667U,-1379.4974468337534,3109.9809253295625,-6439.401207494634,-4.149916897656748,-5.811865256204624,-1.91027948516596,-1737.8289488027376,2942.1051092199823,-6500.028962216614,1.4982315816308245,-6.413884550347589,-3.277698775236618,400.324218,5.842418,NEGLIGIBLE
2025-06-29 16:47:50.839280,COSMOS 2566,12667U,-1625.7867583255456,2755.7305461470078,-6542.0041831076505,-4.057194000960667,-5.99284128696685,-1.5087598537491156,-1644.8523942131894,2552.192753913152,-6684.812091612608,1.6000557656660686,-6.579271522197125,-2.879834872065508,249.369665,5.850489,NEGLIGIBLE
2025-06-29 16:48:50.839280,COSMOS 2566,12667U,-1866.0604199507627,2391.283580180386,-6620.340341521965,-3.949456522992635,-6.1516469279130375,-1.101634034937728,-1545.9369579212612,2153.0654471330013,-6845.39965672313,1.6961333966194507,-6.720950917709729,-2.471422674813438,458.125098,5.837218,NEGLIGIBLE
2025-06-29 17:38:50.839280,COSMOS 2566,12667U,1503.7300272526272,-2925.5168278027004,6491.087248970147,4.117637399976943,5.903590441212312,1.7114755217779478,1721.57518672984,-2894.087107094917,6498.651322568455,-1.5010011251688786,6.43731579708379,3.2850162274751904,220.230688,5.85918,NEGLIGIBLE
2025-06-29 18:30:50.839280,COSMOS 2566,12667U,-1605.9360401321378,2777.459840354026,-6537.729838304275,-4.080057377690496,-5.972479399981215,-1.527715102434416,-1749.8984171809373,3008.1259048231827,-6466.651731300808,1.4745020937038118,-6.385380612911033,-3.3432918384179966,281.041094,5.858322,NEGLIGIBLE
2025-06-29 18:31:50.839280,COSMOS 2566,12667U,-1847.6173801219647,2414.193628004736,-6617.210522589362,-3.973501318451237,-6.132662484458304,-1.120817943066581,-1658.32303525589,2619.8036804182207,-6655.428615965093,1.5770937424396605,-6.55478791523458,-2.947326971445551,282.078828,5.85862,NEGLIGIBLE
2025-06-29 19:22:50.839280,COSMOS 2566,12667U,1728.6783594636452,-2588.44248166668,6577.949665382333,4.040558638690139,6.053682040443726,1.325338740288735,1733.7424846778852,-2960.327585487284,6465.38373387812,-1.4772140349140173,6.408871449947254,3.3511363461021797,388.581092,5.888619,NEGLIGIBLE
2025-06-29 19:23:50.839280,COSMOS 2566,12667U,1967.7571931958105,-2220.647762879385,6645.195619154398,3.926281388497149,6.202357666136653,0.915516238148279,1642.0040712696173,-2570.633888533609,6654.5181868066975,-1.5797932751314088,6.57694134137478,2.9514773036860458,478.217832,5.882373,NEGLIGIBLE
2025-06-29 05:37:50.839280,COSMOS 2566,16210U,1643.918328558842,-2774.297161969329,6523.449799323307,3.958539869941183,6.047415872147655,1.579102850569836,1897.348378693643,-2438.631229731346,6703.504062138529,4.820206370964575,5.491743088731876,0.6299017164527639,457.512782,1.39722,NEGLIGIBLE
2025-06-29 05:39:50.839280,COSMOS 2566,16210U,2105.5890058931022,-2029.8455804912687,6664.018304432275,3.726477989241847,6.344755333241872,0.7608657427612574,1897.348378693643,-2438.631229731346,6703.504062138529,4.820206370964575,5.491743088731876,0.6299017164527639,460.466058,1.393206,NEGLIGIBLE
2025-06-29 07:20:50.839280,COSMOS 2566,16210U,1624.2815204265669,-2796.25495955035,6518.986047479795,3.981627898870185,6.027266109166385,1.5980536419417144,1897.348378693643,-2438.631229731346,6703.504062138529,4.820206370964575,5.491743088731876,0.6299017164527639,486.319996,1.388278,NEGLIGIBLE
2025-06-29 07:22:50.839280,COSMOS 2566,16210U,2088.8612984671,-2054.0525258781795,6661.855759225343,3.751814859032557,6.327465191635553,0.7802211432892282,1897.348378693643,-2438.631229731346,6703.504062138529,4.820206370964575,5.491743088731876,0.6299017164527639,431.639385,1.36473,NEGLIGIBLE
2025-06-29 09:05:50.839280,COSMOS 2566,16210U,2071.989168389533,-2078.1592534705446,6659.638803185807,3.7770501733435,6.310028241057337,0.7995699751426688,1897.348378693643,-2438.631229731346,6703.504062138529,4.820206370964575,5.491743088731876,0.6299017164527639,402.943683,1.33662,NEGLIGIBLE
2025-06-29 10:48:50.839280,COSMOS 2566,16210U,2054.973210901669,-2102.164914483271,6657.367456828913,3.8021830704289017,6.292445084447116,0.818912081350819,1897.348378693643,-2438.631229731346,6703.504062138529,4.820206370964575,5.491743088731876,0.6299017164527639,374.411212,1.3089,NEGLIGIBLE
2025-06-29 12:31:50.839280,COSMOS 2566,16210U,2037.814026225359,-2126.068663672053,6655.041741110635,3.827212692121141,6.274716329795105,0.8382473050046809,1897.348378693643,-2438.631229731346,6703.504062138529,4.820206370964575,5.491743088731876,0.6299017164527639,346.084603,1.281597,NEGLIGIBLE
2025-06-29 20:59:50.839280,COSMOS 2566,18561U,165.8149817081947,-4562.3272991752565,5665.567713670355,4.415818166347345,4.687275538142264,3.647720666938528,610.0978697228713,-4569.726088458778,5877.95993113898,0.6888212582494928,-5.74215104206885,-4.433278920178337,492.496173,13.710069,NEGLIGIBLE
2025-06-29 22:44:50.839280,COSMOS 2566,18561U,668.7886334247577,-3984.102405526472,6051.830475437184,4.380366699445641,5.191172480813008,2.936690311819017,546.2863887099406,-4038.066060302052,6252.649291838625,0.7386170101147274,-6.110593568607234,-3.912260254101238,241.344304,13.707676,NEGLIGIBLE
2025-06-29 15:29:50.839280,COSMOS 2566,18767U,-4048.4817394094935,-5781.641780497181,-1770.2951597010506,1.4822924083510622,-3.051400972882963,6.5826664633453085,-4375.970540914854,-5457.819196226912,-1836.6336783113509,3.401876673174489,-0.640817008436215,-6.585111711589236,465.307189,13.523539,NEGLIGIBLE
2025-06-29 17:12:50.839280,COSMOS 2566,18767U,-4070.1653606870814,-5760.697507761422,-1788.7897901072167,1.4611660503657675,-3.072673489103189,6.577470159599722,-4307.952932397895,-5458.45580192789,-1998.213894205412,3.512719122436336,-0.5099870855091714,-6.535159692454176,437.894318,13.517296,NEGLIGIBLE
2025-06-29 18:55:50.839280,COSMOS 2566,18767U,-4091.7254967544254,-5739.628015169769,-1807.269435741843,1.43991261263697,-3.0938199670430127,6.572220065454144,-4237.220376782029,-5456.094440145615,-2158.516330377799,3.622047678723094,-0.3796796759876285,-6.481079464226998,474.272526,13.509882,NEGLIGIBLE
2025-06-29 20:37:50.839280,COSMOS 2566,18767U,-4190.558374602378,-5521.006408488048,-2216.093776291707,1.1605637891887532,-3.464012180383657,6.441037356090269,-4379.568492632809,-5425.450994937599,-1927.9113922758784,3.4599909844447536,-0.5934395500240097,-6.557315598991567,357.637733,13.508691,NEGLIGIBLE
2025-06-29 21:29:50.839280,COSMOS 2566,18767U,4167.850877572124,5624.926596497089,2022.833106817616,-1.2809241471821111,3.291508102084597,-6.496649143003581,4454.715123111164,5451.1570410250415,1875.1187946821835,-3.5085718133308648,0.5040090240606921,6.479585719260013,366.478474,13.457906,NEGLIGIBLE
2025-06-29 23:12:50.839280,COSMOS 2566,18767U,4188.4897164142085,5602.930573862828,2041.106457418022,-1.2587706786678587,3.311650604235101,-6.4907446938819096,4383.9861005442735,5448.1073883001145,2034.000979741223,-3.6195455891275454,0.3766708505151085,6.429855603710758,249.478542,13.458428,NEGLIGIBLE
2025-06-30 00:55:50.839280,COSMOS 2566,18767U,4208.998934207329,5580.815669429091,2059.362829361156,-1.2364967129623587,3.3316613273897286,-6.484787235725966,4310.522886590992,5442.152562667787,2191.6151002107263,-3.7291998068931664,0.249649271621616,6.376038417500481,216.853022,13.457831,NEGLIGIBLE
2025-06-29 08:58:50.839280,COSMOS 2566,21373U,347.7648110094338,-4462.705318246881,5736.209104909167,4.308902736943517,4.871870718125742,3.5316057102928995,428.22269142935454,-4268.219906052836,6100.839020535378,-1.6267504499529055,-5.905691553949188,-4.035787541085164,421.014277,14.444835,NEGLIGIBLE
2025-06-29 08:59:50.839280,COSMOS 2566,21373U,605.4931637285152,-4162.287278658154,5937.295237855402,4.279383605349593,5.138957486734404,3.169213826933859,428.22269142935454,-4268.219906052836,6100.839020535378,-1.6267504499529055,-5.905691553949188,-4.035787541085164,263.425722,14.449178,NEGLIGIBLE
2025-06-29 10:41:50.839280,COSMOS 2566,21373U,322.0323704971276,-4477.396027570277,5726.257161495128,4.324642034415517,4.845765289198578,3.5482815924254663,428.22269142935454,-4268.219906052836,6100.839020535378,-1.6267504499529055,-5.905691553949188,-4.035787541085164,441.975795,14.440603,NEGLIGIBLE
2025-06-29 10:42:50.839280,COSMOS 2566,21373U,580.7522715238625,-4178.51596115146,5928.361616554271,4.296685542095569,5.113812877685322,3.186471476510556,428.22269142935454,-4268.219906052836,6100.839020535378,-1.6267504499529055,-5.905691553949188,-4.035787541085164,247.10428,14.445677,NEGLIGIBLE
2025-06-29 12:24:50.839280,COSMOS 2566,21373U,296.2116280873265,-4491.934589507468,5716.258516708845,4.340226978577889,4.819569896814129,3.564928355931928,428.22269142935454,-4268.219906052836,6100.839020535378,-1.6267504499529055,-5.905691553949188,-4.035787541085164,464.087647,14.436306,NEGLIGIBLE
2025-06-29 12:25:50.839280,COSMOS 2566,21373U,555.9139871153909,-4194.598172421513,5919.379635070721,4.313838914611284,5.088569086491953,3.2037029668405905,428.22269142935454,-4268.219906052836,6100.839020535378,-1.6267504499529055,-5.905691553949188,-4.035787541085164,233.779245,14.442112,NEGLIGIBLE
2025-06-29 14:07:50.839280,COSMOS 2566,21373U,270.3034834752183,-4506.32048760294,5706.213254216881,4.355657043068904,4.793285453772073,3.581545865511288,428.22269142935454,-4268.219906052836,6100.839020535378,-1.6267504499529055,-5.905691553949188,-4.035787541085164,487.195914,14.431946,NEGLIGIBLE
2025-06-29 14:08:50.839280,COSMOS 2566,21373U,530.9791769741788,-4210.533342249978,5910.349368810314,4.330843142149029,5.063226991915526,3.220908157946476,428.22269142935454,-4268.219906052836,6100.839020535378,-1.6267504499529055,-5.905691553949188,-4.035787541085164,223.993175,14.438481,NEGLIGIBLE
2025-06-29 15:51:50.839280,COSMOS 2566,21373U,505.948710902499,-4226.320905548298,5901.270893568354,4.347697649157102,5.037787476116641,3.238086910065828,428.22269142935454,-4268.219906052836,6100.839020535378,-1.6267504499529055,-5.905691553949188,-4.035787541085164,218.229919,14.434785,NEGLIGIBLE
2025-06-29 15:52:50.839280,COSMOS 2566,21373U,765.709853613199,-3916.395138562965,6084.452680902271,4.308329688857278,5.289869517636713,2.8661060385013437,428.22269142935454,-4268.219906052836,6100.839020535378,-1.6267504499529055,-5.905691553949188,-4.035787541085164,487.797872,14.429203,NEGLIGIBLE
2025-06-29 17:34:50.839280,COSMOS 2566,21373U,480.8234620034488,-4241.960302377064,5892.14428552925,4.364401865299748,5.012251424624648,3.255239083652456,428.22269142935454,-4268.219906052836,6100.839020535378,-1.6267504499529055,-5.905691553949188,-4.035787541085164,216.817666,14.431024,NEGLIGIBLE
2025-06-29 17:35:50.839280,COSMOS 2566,21373U,741.6328684164272,-3933.536622283888,6076.371414007532,4.326556649438453,5.265351359252793,2.883787775846512,428.22269142935454,-4268.219906052836,6100.839020535378,-1.6267504499529055,-5.905691553949188,-4.035787541085164,459.170451,14.426177,NEGLIGIBLE
2025-06-29 05:24:50.839280,COSMOS 2566,21515U,-1620.0197675898703,-6186.488866605552,3469.743112464304,3.9677313921326247,2.2362056752288786,5.838585471210585,-1458.4215570379954,-6520.415127597923,3590.4474072327907,-0.6601603327739155,3.4486404825653967,6.37572122638883,390.115696,4.814135,NEGLIGIBLE
2025-06-29 07:07:50.839280,COSMOS 2566,21515U,-1649.9917469817365,-6187.770646699149,3453.313734585652,3.969721949319622,2.2061324521152863,5.848678187967552,-1458.4215570379954,-6520.415127597923,3590.4474072327907,-0.6601603327739155,3.4486404825653967,6.37572122638883,407.623763,4.822594,NEGLIGIBLE
2025-06-29 08:50:50.839280,COSMOS 2566,21515U,-1679.9725368152017,-6188.876601866029,3436.8563116321816,3.971533864521069,2.176050133520357,5.8587228546352526,-1458.4215570379954,-6520.415127597923,3590.4474072327907,-0.6601603327739155,3.4486404825653967,6.37572122638883,427.308852,4.831083,NEGLIGIBLE
2025-06-29 05:30:50.839280,COSMOS 2566,25204U,-115.96543369011457,-4989.357059108287,5294.400579459442,4.294511966240834,4.339431434337653,4.185230416161376,-142.88579198285444,-4608.05151631663,5508.654404012716,1.3630059794088645,-5.657879117614054,-4.709415018920365,438.20466,13.69871,NEGLIGIBLE
2025-06-29 05:31:50.839280,COSMOS 2566,25204U,141.7612447453563,-4719.881625673636,5535.495729292222,4.293712711139173,4.640290197873279,3.8488080081240135,-142.88579198285444,-4608.05151631663,5508.654404012716,1.3630059794088645,-5.657879117614054,-4.709415018920365,307.002224,13.707097,NEGLIGIBLE
2025-06-29 07:13:50.839280,COSMOS 2566,25204U,-143.24971896953497,-5001.135720719606,5282.612056661328,4.307281523512316,4.311840679784108,4.200627047656627,-142.88579198285444,-4608.05151631663,5508.654404012716,1.3630059794088645,-5.657879117614054,-4.709415018920365,453.442904,13.691345,NEGLIGIBLE
2025-06-29 07:14:50.839280,COSMOS 2566,25204U,115.29335945613458,-4733.292701052198,5524.652260305596,4.3081478913804165,4.613483912507192,3.864903332614975,-142.88579198285444,-4608.05151631663,5508.654404012716,1.3630059794088645,-5.657879117614054,-4.709415018920365,287.39826,13.700135,NEGLIGIBLE
2025-06-29 08:56:50.839280,COSMOS 2566,25204U,-170.6050740230547,-5012.753416117756,5270.780469738335,4.319887716255934,4.284177453603241,4.215989210310568,-142.88579198285444,-4608.05151631663,5508.654404012716,1.3630059794088645,-5.657879117614054,-4.709415018920365,470.250991,13.68395,NEGLIGIBLE
2025-06-29 08:57:50.839280,COSMOS 2566,25204U,88.74474196661276,-4746.547454330701,5513.763741119274,4.322424454367113,4.586595344734086,3.8809669427241142,-142.88579198285444,-4608.05151631663,5508.654404012716,1.3630059794088645,-5.657879117614054,-4.709415018920365,269.925794,13.69314,NEGLIGIBLE
2025-06-29 10:39:50.839280,COSMOS 2566,25204U,-198.030547587051,-5024.209730734115,5258.905917268235,4.332330121335132,4.256442721666335,4.231316779144607,-142.88579198285444,-4608.05151631663,5508.654404012716,1.3630059794088645,-5.657879117614054,-4.709415018920365,488.469969,13.676525,NEGLIGIBLE
2025-06-29 10:40:50.839280,COSMOS 2566,25204U,62.11631640565749,-4759.645413809471,5502.830262640172,4.336541919045616,4.559625432475247,3.8969987078208144,-142.88579198285444,-4608.05151631663,5508.654404012716,1.3630059794088645,-5.657879117614054,-4.709415018920365,255.03038,13.686112,NEGLIGIBLE
2025-06-29 10:59:50.839280,COSMOS 2566,30379U,3937.179242948119,2201.387364820765,5716.898188672258,1.686878429893195,6.257549446088821,-3.5608529651208745,3674.92582670656,2304.012097438631,5800.254204779276,5.886970894995222,1.462879558885008,-4.26767090963156,293.695277,6.413207,NEGLIGIBLE
2025-06-29 12:42:50.839280,COSMOS 2566,30379U,3939.0373055118753,2171.8016494144767,5726.898672712889,1.7173104158477632,6.258706520921458,-3.5442369508127864,3674.92582670656,2304.012097438631,5800.254204779276,5.886970894995222,1.462879558885008,-4.26767090963156,304.327964,6.396044,NEGLIGIBLE
2025-06-29 14:25:50.839280,COSMOS 2566,30379U,3940.719835182148,2142.207832752188,5736.852199374296,1.747750522576934,6.259685213455245,-3.5275923155649305,3674.92582670656,2304.012097438631,5800.254204779276,5.886970894995222,1.462879558885008,-4.26767090963156,317.563992,6.378888,NEGLIGIBLE
2025-06-29 16:08:50.839280,COSMOS 2566,30379U,3942.2267903180114,2112.606950679261,5746.7586898359,1.7781976991544726,6.26048548245344,-3.5109191967703857,3674.92582670656,2304.012097438631,5800.254204779276,5.886970894995222,1.462879558885008,-4.26767090963156,333.087834,6.361738,NEGLIGIBLE
2025-06-29 16:09:50.839280,COSMOS 2566,30379U,4041.549410505722,2484.0901349454493,5525.561329015251,1.531537470744674,6.118469843956769,-3.860049712716303,3674.92582670656,2304.012097438631,5800.254204779276,5.886970894995222,1.462879558885008,-4.26767090963156,492.236861,6.388308,NEGLIGIBLE
2025-06-29 17:51:50.839280,COSMOS 2566,30379U,3943.558135386796,2083.0000392416578,5756.618065667844,1.808650894462617,6.261107292873492,-3.494217732035313,3674.92582670656,2304.012097438631,5800.254204779276,5.886970894995222,1.462879558885008,-4.26767090963156,350.590587,6.344597,NEGLIGIBLE
2025-06-29 17:52:50.839280,COSMOS 2566,30379U,4044.704388440608,2454.575378854861,5536.403914027889,1.5618533122707796,6.120918941390458,-3.843987670867974,3674.92582670656,2304.012097438631,5800.254204779276,5.886970894995222,1.462879558885008,-4.26767090963156,478.562914,6.370517,NEGLIGIBLE
2025-06-29 09:15:50.839280,COSMOS 2566,30564U,3828.5302208609783,1851.69040585717,5910.766143055418,1.896300166984472,6.382339979459662,-3.217638366086803,3728.453047338147,2097.0686908528405,5880.004110885861,5.900014027833627,1.1125722848904327,-4.3119027272722965,266.78127,6.708024,NEGLIGIBLE
2025-06-29 09:16:50.839280,COSMOS 2566,30564U,3935.1456952387457,2230.963943361527,5706.850826463552,1.656455615411929,6.256214036387679,-3.5774402213096264,3728.453047338147,2097.0686908528405,5880.004110885861,5.900014027833627,1.1125722848904327,-4.3119027272722965,301.05124,6.708522,NEGLIGIBLE
2025-06-29 10:58:50.839280,COSMOS 2566,30564U,3828.7357942164094,1822.0885585807453,5919.800276985997,1.92679106403444,6.381846613911043,-3.200461779671381,3728.453047338147,2097.0686908528405,5880.004110885861,5.900014027833627,1.1125722848904327,-4.3119027272722965,295.388621,6.692313,NEGLIGIBLE
2025-06-29 10:59:50.839280,COSMOS 2566,30564U,3937.179242948119,2201.387364820765,5716.898188672258,1.686878429893195,6.257549446088821,-3.5608529651208745,3728.453047338147,2097.0686908528405,5880.004110885861,5.900014027833627,1.1125722848904327,-4.3119027272722965,284.697299,6.692188,NEGLIGIBLE
2025-06-29 12:41:50.839280,COSMOS 2566,30564U,3828.765657389972,1792.488284251622,5928.7858952807255,1.9572802887545329,6.381174699653829,-3.183259385442551,3728.453047338147,2097.0686908528405,5880.004110885861,5.900014027833627,1.1125722848904327,-4.3119027272722965,324.363232,6.676613,NEGLIGIBLE
2025-06-29 12:42:50.839280,COSMOS 2566,30564U,3939.0373055118753,2171.8016494144767,5726.898672712889,1.7173104158477632,6.258706520921458,-3.5442369508127864,3728.453047338147,2097.0686908528405,5880.004110885861,5.900014027833627,1.1125722848904327,-4.3119027272722965,270.872701,6.675853,NEGLIGIBLE
2025-06-29 14:24:50.839280,COSMOS 2566,30564U,3828.6198257184433,1762.890619407796,5937.7229270955495,1.9877667896689613,6.380324253168451,-3.16603132503244,3728.453047338147,2097.0686908528405,5880.004110885861,5.900014027833627,1.1125722848904327,-4.3119027272722965,353.609712,6.660924,NEGLIGIBLE
2025-06-29 14:25:50.839280,COSMOS 2566,30564U,3940.719835182148,2142.207832752188,5736.852199374296,1.747750522576934,6.259685213455245,-3.5275923155649305,3728.453047338147,2097.0686908528405,5880.004110885861,5.900014027833627,1.1125722848904327,-4.3119027272722965,259.975386,6.65952,NEGLIGIBLE
2025-06-29 16:07:50.839280,COSMOS 2566,30564U,3828.298320648058,1733.2966004517336,5946.611301988899,2.018249515449713,6.379295297128388,-3.148777740262519,3728.453047338147,2097.0686908528405,5880.004110885861,5.900014027833627,1.1125722848904327,-4.3119027272722965,383.061001,6.645248,NEGLIGIBLE
2025-06-29 16:08:50.839280,COSMOS 2566,30564U,3942.2267903180114,2112.606950679261,5746.7586898359,1.7781976991544726,6.26048548245344,-3.5109191967703857,3728.453047338147,2097.0686908528405,5880.004110885861,5.900014027833627,1.1125722848904327,-4.3119027272722965,252.37867,6.643189,NEGLIGIBLE
2025-06-29 17:50:50.839280,COSMOS 2566,30564U,3827.801169733343,1703.7072636143032,5955.450949922223,2.0487274149530115,6.378087860398894,-3.131498773142348,3728.453047338147,2097.0686908528405,5880.004110885861,5.900014027833627,1.1125722848904327,-4.3119027272722965,412.668738,6.629586,NEGLIGIBLE
2025-06-29 17:51:50.839280,COSMOS 2566,30564U,3943.558135386796,2083.0000392416578,5756.618065667844,1.808650894462617,6.261107292873492,-3.494217732035313,3728.453047338147,2097.0686908528405,5880.004110885861,5.900014027833627,1.1125722848904327,-4.3119027272722965,248.37923,6.62686,NEGLIGIBLE
2025-06-29 20:02:50.839280,COSMOS 2566,31321U,1266.323318530203,5836.687254215308,-4174.4439923678965,-4.215317499246263,-2.905948298512393,-5.332907312297087,1300.629176308095,6009.911016857758,-3798.4561369810463,0.481222738715974,-4.047699479640452,-6.2065027137274384,415.39166,4.911645,NEGLIGIBLE
2025-06-29 20:03:50.839280,COSMOS 2566,31321U,1011.215101578238,5651.627204258459,-4486.468884115699,-4.28566899145038,-3.260813409981759,-5.064710927826996,1327.014752305915,5755.79063563558,-4163.379607085511,0.3980116409144459,-4.42029057451758,-5.95373197469203,463.64439,4.906283,NEGLIGIBLE
2025-06-29 20:52:50.839280,COSMOS 2566,31321U,-1647.873627846437,-6062.318230578599,3670.12119909092,4.0890649489454525,2.345801445936245,5.710067826056855,-1270.6650762323509,-6202.156549638906,3482.4736662171767,-0.5566167206618191,3.7023437656844513,6.415341124344683,443.90612,4.890805,NEGLIGIBLE
2025-06-29 20:54:50.839280,COSMOS 2566,31321U,-1146.1453552603705,-5736.428718637359,4326.258357549935,4.262664483389481,3.0788778221613646,5.212002943474022,-1327.6418228043124,-5711.905737256013,4223.850578115801,-0.3918203837205164,4.457995398498213,5.925338257652618,209.832547,4.906632,NEGLIGIBLE
2025-06-29 20:55:50.839280,COSMOS 2566,31321U,-888.4117191423028,-5541.139450790351,4630.715702693892,4.325780860096954,3.428731660213837,4.933445531728206,-1348.616379258627,-5433.753876027986,4571.108071855327,-0.3071131837518652,4.810770767839583,5.646260674164106,476.311936,4.886905,NEGLIGIBLE
2025-06-29 21:44:50.839280,COSMOS 2566,31321U,1546.602807631224,6002.563959378891,-3831.196662892689,-4.132580622929855,-2.51031465405991,-5.5924964173628045,1295.766428432115,5991.134989201046,-3829.351998088407,0.4792984797349903,-4.078759835450918,-6.186428678995634,251.103392,4.907362,NEGLIGIBLE
2025-06-29 21:46:50.839280,COSMOS 2566,31321U,1040.4680966115084,5657.632172053271,-4472.201357536143,-4.292572789958649,-3.231409258367966,-5.07771462806939,1343.303999417232,5457.45755737377,-4540.708105111775,0.3119812835529552,-4.804600094917084,-5.654419946079448,369.422028,4.899943,NEGLIGIBLE
2025-06-29 22:35:50.839280,COSMOS 2566,31321U,-1677.8087480315862,-6063.822779557575,3654.054486696773,4.0913090570283055,2.315725485922888,5.7207423086536,-1296.8059181434292,-5949.538819717932,3891.324254405353,-0.4732054531564129,4.118818611582151,6.161514677986773,463.164034,4.927496,NEGLIGIBLE
2025-06-29 22:36:50.839280,COSMOS 2566,31321U,-1429.3590553540864,-5913.6780993724,3990.266390388087,4.187761775476381,2.6875304849687103,5.482855918714455,-1322.717619553306,-5691.267266100957,4253.371758262376,-0.3902466523465013,4.487476429976611,5.902923575456708,360.64305,4.937046,NEGLIGIBLE
2025-06-29 22:37:50.839280,COSMOS 2566,31321U,-1175.5890664726662,-5741.521756084407,4311.588885916939,4.268599879593197,3.0492199933932427,5.224586323669639,-1343.6073679298684,-5411.387736013032,4599.229746487456,-0.3058609336486391,4.8388611514493,5.62204044844692,468.994547,4.928131,NEGLIGIBLE
2025-06-29 08:28:50.839280,COSMOS 2566,36442U,-4181.49712897259,-3479.716640917725,-4834.692845351828,-0.7666493994761521,-5.641843030176932,4.72786819397483,-4104.456293377121,-3280.877421696314,-4542.37351153402,5.321029034259471,0.7121995076626462,-5.346800188984008,361.832722,13.37657,NEGLIGIBLE
2025-06-29 18:15:50.839280,COSMOS 2566,37570U,2200.697514348052,6357.79309648964,-2801.13770123902,-3.7831505346901744,-1.4217623910448292,-6.191071517270542,1929.565323472886,6157.420658128482,-2750.542641882196,0.1722240898649474,-3.2073583590590284,-6.834683093322495,340.912949,4.387206,NEGLIGIBLE
2025-06-29 18:16:50.839280,COSMOS 2566,37570U,1969.769857380715,6260.75546945918,-3167.166537604924,-3.9120664973544463,-1.8118218623695617,-6.006121881346979,1935.8781833845728,5952.3019522553095,-3154.603182096016,0.0380762761479081,-3.6276175004572058,-6.629199328464679,310.564093,4.391921,NEGLIGIBLE
2025-06-29 18:17:50.839280,COSMOS 2566,37570U,1731.5406664313955,6140.5106564287225,-3521.426230225992,-4.026459839025851,-2.195097017157685,-5.798887991085282,1934.126941444672,5722.3881953541895,-3545.4874431593,-0.0964825880552057,-4.033541628768912,-6.395615098504435,465.238147,4.379576,NEGLIGIBLE
2025-06-29 22:52:50.839280,COSMOS 2566,41074U,2611.300823673314,-1125.9847395556926,6699.978453545449,3.5529256373371565,6.480708678535324,-0.2888424023540643,2763.393575111398,-1389.619609464152,6438.273797669484,-6.82533769488447,0.4593295590023478,2.959696499893853,401.403633,12.430541,NEGLIGIBLE
2025-06-29 23:42:50.839280,COSMOS 2566,41074U,-2262.4228716018447,1736.7182519450275,-6699.567854180539,-3.794549367034281,-6.335487790885004,-0.3542640260971797,-2476.0358450843555,1360.7366372696456,-6512.853087857662,6.937169327729239,-0.4944632009711049,-2.8045413789713547,471.014948,12.46159,NEGLIGIBLE
2025-06-29 23:43:50.839280,COSMOS 2566,41074U,-2485.768682537952,1353.6096968360391,-6708.381846734575,-3.6480113351863928,-6.4308608761917565,0.0605645253335765,-2055.141398733975,1328.3738710600026,-6667.985796892812,7.087890729792813,-0.5839112962038225,-2.3649604008604403,433.253442,12.463129,NEGLIGIBLE
2025-06-29 05:51:50.839280,COSMOS 2566,41289U,4018.9498004057286,2660.791456725123,5459.556984450486,1.350032798260284,6.100045614699762,-3.955761950023408,3705.1671375738697,2445.935183062036,5664.524074328905,5.740549395074684,1.6094030890528794,-4.466523457003295,432.011905,6.301062,NEGLIGIBLE
2025-06-29 06:43:50.839280,COSMOS 2566,41289U,-4053.747556576422,-2807.816457723809,-5353.126674252994,-1.2474469893115645,-6.025592024413797,4.109518707858565,-4148.70602135833,-2577.437979392782,-5343.930956747253,-5.40922001330519,-1.4134659578696234,4.857518658659183,249.350987,6.257121,NEGLIGIBLE
2025-06-29 07:33:50.839280,COSMOS 2566,41289U,3932.936716237458,2260.5303496995107,5696.7566656876725,1.626043022838433,6.2547003454406624,-3.5939985824145686,3790.05207038095,2474.9212129243538,5595.004977108789,5.677202623850037,1.5758953261821973,-4.559178698723428,277.006986,6.26376,NEGLIGIBLE
2025-06-29 08:25:50.839280,COSMOS 2566,41289U,-3974.551870130933,-2411.817821422608,-5600.155210301508,-1.526189722488759,-6.190513612217053,3.753697004303554,-4228.206894158395,-2603.9299479051856,-5268.693927840575,-5.34001557056334,-1.3781616691886738,4.943182106513237,459.472004,6.254508,NEGLIGIBLE
2025-06-29 16:25:50.839280,COSMOS 2566,42366U,3518.408598334337,6382.420618658825,-46.958534181157,-2.534774357456914,1.3487978342897466,-6.814169624848267,3598.0379269354744,6022.488701968701,-119.85897926365548,1.0629458076104297,-0.4866346847370281,7.437733051447651,375.774253,14.813141,NEGLIGIBLE
2025-06-29 17:15:50.839280,COSMOS 2566,42366U,-3740.5321282397263,-6214.31997295011,-581.4727632767574,2.191221412944588,-1.9533778687978325,6.799561137809956,-3652.200910795132,-5924.118906337507,-530.9410173423425,-0.6992858858497023,1.0979330251582202,-7.455914966004524,307.526455,14.862171,NEGLIGIBLE
2025-06-29 18:05:50.839280,COSMOS 2566,42366U,3937.007771012803,6015.670785191889,1192.4155478475648,-1.8242311919447876,2.527209702155849,-6.705647668784805,3711.593058189867,5837.8016159038325,1170.32340960081,0.3265075396547207,-1.682948249041724,7.331387731017865,287.988362,14.811802,NEGLIGIBLE
2025-06-29 18:55:50.839280,COSMOS 2566,42366U,-4091.7254967544254,-5739.628015169769,-1807.269435741843,1.43991261263697,-3.0938199670430127,6.572220065454144,-3701.0715681796023,-5633.542579872671,-1812.9123442629823,0.0524911443101594,2.282645032042529,-7.214955693146685,404.84127,14.863295,NEGLIGIBLE
2025-06-29 16:48:50.839280,COSMOS 2566,61405U,-1866.0604199507627,2391.283580180386,-6620.340341521965,-3.949456522992635,-6.1516469279130375,-1.101634034937728,-2004.106880808256,2323.861447613579,-6448.0213055720615,4.141146531773414,-5.315061718561805,-3.175344436461714,230.860173,8.393927,NEGLIGIBLE
2025-06-29 16:49:50.839280,COSMOS 2566,61405U,-2099.429103318459,2017.9881846427247,-6674.118119138061,-3.827098379885475,-6.287698005937138,-0.6903984510749943,-1751.8684769148458,2000.6068181147657,-6625.734712335653,4.264051547457449,-5.456569213526212,-2.7464144064795426,351.342361,8.389558,NEGLIGIBLE
2025-06-30 02:43:50.839280,GEESAT-1 01,12742U,5069.054576900842,112.02504665811875,-4763.738072758339,2.291222406044439,6.728865474566423,2.595443773995798,5152.534347286841,125.86515940098586,-5228.956829636467,-5.188137580167778,1.1640030020950556,-5.114433018959137,472.851893,12.09755,NEGLIGIBLE
2025-06-29 18:56:50.839280,GEESAT-1 01,15766U,4665.4700450952505,5044.143271733432,-1091.1430934438472,-3.005673407740157,4.006299959642824,5.678845081305342,4697.891253565823,5291.806690123905,-852.0338092844461,-1.2782841997636585,-0.0447851309834683,-7.3713098768105345,345.776739,13.773224,NEGLIGIBLE
2025-06-29 19:45:50.839280,GEESAT-1 01,15766U,-4500.874994217419,-5247.611670617202,768.4650464690113,3.299304567168773,-3.6745849035937,-5.741534260636423,-4771.417135182999,-5286.874817016127,416.0155008446536,0.977264821810896,-0.2907642810841319,7.404991922635492,446.044086,13.772192,NEGLIGIBLE
2025-06-29 17:54:50.839280,GEESAT-1 01,24239U,-5043.782298884403,-212.33922748571663,4780.999872275382,-2.135592910433795,-6.801600802662996,-2.5513883135454543,-5288.116139724264,76.95135777753794,4770.459143139221,4.8230242574128175,-1.5468099218712792,5.434890776313766,378.81285,11.824375,NEGLIGIBLE
2025-06-29 23:04:50.839280,GEESAT-1 01,29798U,-2864.2301085403287,-6151.384408265328,-1534.609830776284,5.052493872249318,-0.9679677160817586,-5.555895178247198,-3122.8146940729143,-6359.50176074274,-1296.1335903622405,-1.6738315859863349,-0.6204411640631358,7.2633895735343375,408.717185,14.480963,NEGLIGIBLE
2025-06-29 17:30:50.839280,GEESAT-1 01,30299U,1940.98589718319,6250.925317358757,2352.594181701696,-5.495273412849531,-0.2566842803745278,5.204299620756966,1820.2038797336984,6609.7904334891855,2194.35026290878,1.809600788264705,1.9006810585280725,-6.993087581941743,410.382267,14.380253,NEGLIGIBLE
2025-06-29 18:20:50.839280,GEESAT-1 01,30299U,-1305.1953325662505,-6169.460949954362,-2938.5231196881587,5.718599366103256,1.0943572043933445,-4.838345512530055,-1640.7047904033711,-6475.36365229922,-2967.9806950929924,-1.9424219054956773,-2.4845966167558697,6.644382846655355,454.984405,14.260197,NEGLIGIBLE
2025-06-29 17:36:50.839280,GEESAT-1 01,31546U,-134.22023372436848,5686.964283952954,3999.590368616485,-5.885687850813616,-2.835854036951274,3.828178787610363,37.37520922753292,5738.729699904721,4461.956125082598,1.370897444099191,4.376973157030847,-5.788201742160631,495.889854,14.041285,NEGLIGIBLE
2025-06-29 20:50:50.839280,GEESAT-1 01,33660U,-668.6242196115722,5373.787481734456,4361.910597621439,-5.872225433641695,-3.4342591294779443,3.325315628584295,-588.8092769301606,5639.76500490319,4520.480733129678,1.8913335056175349,-4.331512318780199,5.743888903617691,319.779542,8.180917,NEGLIGIBLE
2025-06-29 18:41:50.839280,GEESAT-1 01,34756U,4894.695526415615,-244.0531551354946,-4937.953711686132,2.534466560809513,6.789754017489171,2.1757849349261984,5139.119706803084,114.77411392966228,-4992.5362163112695,4.877565161812157,3.01683611905508,4.939426667215268,437.583636,5.23094,NEGLIGIBLE
2025-06-29 18:42:50.839280,GEESAT-1 01,34756U,5036.250866755004,163.56109273838663,-4796.97439940746,2.1823734308993816,6.792607492781338,2.521872815806333,5421.601119307628,295.45230580522195,-4686.636487086856,4.535250952311798,3.00354021438206,5.253931541495484,421.976971,5.230412,NEGLIGIBLE
2025-06-29 08:57:50.839280,GEESAT-1 01,38017U,3969.942952229984,5712.706699997001,0.0036077989671932,-3.997415775732094,2.7749155792874967,5.8020884842019695,3797.7162190163785,6082.151985723466,18.37665118191288,-0.4283358765976475,0.2105428309676356,-7.425554708365392,408.03117,13.938611,NEGLIGIBLE
2025-06-29 10:37:50.839280,GEESAT-1 01,38017U,3969.942952229984,5712.706699997001,0.0036077989671932,-3.997415775732094,2.7749155792874967,5.8020884842019695,3801.872061806862,6079.3315408858525,38.53557089667833,-0.4171401311089243,0.2285326732042382,-7.425772578442459,405.149738,13.938391,NEGLIGIBLE
2025-06-29 12:17:50.839280,GEESAT-1 01,38017U,3969.942952229984,5712.706699997001,0.0036077989671932,-3.997415775732094,2.7749155792874967,5.8020884842019695,3805.994055001864,6076.4611404894495,58.66308958531718,-0.4059390464943102,0.2464826799645628,-7.425931830048785,403.28336,13.938156,NEGLIGIBLE
2025-06-29 13:57:50.839280,GEESAT-1 01,38017U,3969.942952229984,5712.706699997001,0.0036077989671932,-3.997415775732094,2.7749155792874967,5.8020884842019695,3810.0822531753006,6073.541062734506,78.75904448066574,-0.3947327793764861,0.264392724023749,-7.426032728579954,402.441672,13.937907,NEGLIGIBLE
2025-06-29 21:18:50.839280,GEESAT-1 01,41206U,-5050.397197983112,-4417.581759229306,1831.875805166141,2.199379246918438,-4.779104936371708,-5.447682619420227,-5204.149798178552,-4470.011045677075,2156.0741336918963,0.9241736772674506,2.337717924233663,7.010386023082214,362.619978,14.404124,NEGLIGIBLE
2025-06-29 22:07:50.839280,GEESAT-1 01,41206U,4936.5039267850825,4656.087095451114,-1534.0930211554737,-2.510108589003046,4.4900261751466255,5.5558765028435655,5262.023100057885,4658.919814637934,-1541.226042327947,-0.4092661130350756,-1.8892929952692343,-7.188370350406619,325.609638,14.405731,NEGLIGIBLE
2025-06-29 08:20:50.839280,GEESAT-1 01,42366U,3969.942952229984,5712.706699997001,0.0036077989671932,-3.997415775732094,2.7749155792874967,5.8020884842019695,3666.382380394083,5981.4268513402985,96.69286317659072,0.9370906034007492,-0.6947965200538917,7.438252400954711,416.78334,6.250223,NEGLIGIBLE
2025-06-29 09:57:50.839280,GEESAT-1 01,42366U,3969.942952229984,5712.706699997001,0.0036077989671932,-3.997415775732094,2.7749155792874967,5.8020884842019695,3653.013514029949,5990.1693856414895,53.26183831283067,0.9626225498767312,-0.6532285167331598,7.438733359714794,424.577731,6.24762,NEGLIGIBLE
2025-06-29 11:34:50.839280,GEESAT-1 01,42366U,3969.942952229984,5712.706699997001,0.0036077989671932,-3.997415775732094,2.7749155792874967,5.8020884842019695,3639.492826009275,5998.646543832076,9.88943592238738,0.9879748471050864,-0.6116261366344867,7.43892067194688,437.100229,6.245158,NEGLIGIBLE
2025-06-29 13:11:50.839280,GEESAT-1 01,42366U,3969.942952229984,5712.706699997001,0.0036077989671932,-3.997415775732094,2.7749155792874967,5.8020884842019695,3625.822125884834,6006.858611958234,-33.42263111622129,1.0131466817614991,-0.5699915789549369,7.438815564788996,453.940309,6.242837,NEGLIGIBLE
2025-06-29 14:48:50.839280,GEESAT-1 01,42366U,3969.942952229984,5712.706699997001,0.0036077989671932,-3.997415775732094,2.7749155792874967,5.8020884842019695,3612.003223121417,6014.805892043852,-76.6726642488735,1.0381372600473862,-0.5283270343361223,7.438419275530951,474.619871,6.240656,NEGLIGIBLE
2025-06-29 16:25:50.839280,GEESAT-1 01,42366U,3969.942952229984,5712.706699997001,0.0036077989671932,-3.997415775732094,2.7749155792874967,5.8020884842019695,3598.0379269354744,6022.488701968701,-119.85897926365548,1.0629458076104297,-0.4866346847370281,7.437733051447651,498.643436,6.238614,NEGLIGIBLE
2025-06-29 08:05:50.839280,GEESAT-1 01,55870U,3969.942952229984,5712.706699997001,0.0036077989671932,-3.997415775732094,2.7749155792874967,5.8020884842019695,3662.097114818768,5766.34286593854,-74.74495736448739,0.91965530993154,-0.6873789640053339,-7.558824164819174,321.299309,14.65193,NEGLIGIBLE
2025-06-29 09:38:50.839280,GEESAT-1 01,55870U,3969.942952229984,5712.706699997001,0.0036077989671932,-3.997415775732094,2.7749155792874967,5.8020884842019695,3602.7935487785257,5796.29920673884,302.0516341284512,1.1471829005424596,-0.3249768692202189,-7.551808177492878,482.720832,14.642499,NEGLIGIBLE
2025-06-29 09:39:50.839280,GEESAT-1 01,55870U,3969.942952229984,5712.706699997001,0.0036077989671932,-3.997415775732094,2.7749155792874967,5.8020884842019695,3663.4564963375583,5763.75618329048,-151.39937015911383,0.874135491766196,-0.7593745336042288,-7.55748476464399,345.633996,14.652693,NEGLIGIBLE
2025-06-29 11:12:50.839280,GEESAT-1 01,55870U,3969.942952229984,5712.706699997001,0.0036077989671932,-3.997415775732094,2.7749155792874967,5.8020884842019695,3606.55330515337,5797.259899745463,224.5194878547442,1.1013760829673154,-0.3979476709186033,-7.555301648587807,435.440765,14.645293,NEGLIGIBLE
2025-06-29 11:13:50.839280,GEESAT-1 01,55870U,3969.942952229984,5712.706699997001,0.0036077989671932,-3.997415775732094,2.7749155792874967,5.8020884842019695,3664.460737077052,5760.33861850342,-228.965853084626,0.8281269625739202,-0.8322890896158966,-7.555133562060297,384.727433,14.653094,NEGLIGIBLE
2025-06-29 12:46:50.839280,GEESAT-1 01,55870U,3969.942952229984,5712.706699997001,0.0036077989671932,-3.997415775732094,2.7749155792874967,5.8020884842019695,3609.972670210662,5797.418213874088,146.02471813190738,1.0550582880925528,-0.4718904639780193,-7.557818616536708,397.588744,14.647743,NEGLIGIBLE
2025-06-29 12:47:50.839280,GEESAT-1 01,55870U,3969.942952229984,5712.706699997001,0.0036077989671932,-3.997415775732094,2.7749155792874967,5.8020884842019695,3665.094733171499,5756.06223374279,-307.43420751048325,0.7816347204331722,-0.9061122574819784,-7.551734625073204,435.120844,14.653118,NEGLIGIBLE
2025-06-29 14:20:50.839280,GEESAT-1 01,55870U,3969.942952229984,5712.706699997001,0.0036077989671932,-3.997415775732094,2.7749155792874967,5.8020884842019695,3613.036148465719,5796.745334060037,66.5760841892929,1.0082336886811516,-0.5467962874787703,-7.559322063090355,372.661848,14.649832,NEGLIGIBLE
2025-06-29 14:21:50.839280,GEESAT-1 01,55870U,3969.942952229984,5712.706699997001,0.0036077989671932,-3.997415775732094,2.7749155792874967,5.8020884842019695,3665.343275221425,5750.898817791258,-386.7934751324517,0.7346641247346165,-0.9808328789070558,-7.547251700600209,493.813309,14.652751,NEGLIGIBLE
2025-06-29 15:54:50.839280,GEESAT-1 01,55870U,3969.942952229984,5712.706699997001,0.0036077989671932,-3.997415775732094,2.7749155792874967,5.8020884842019695,3615.7281232432383,5795.212136958106,-13.81689322111822,0.9609068206833784,-0.6226553954294921,-7.55977460408461,363.959199,14.651547,NEGLIGIBLE
2025-06-29 17:26:50.839280,GEESAT-1 01,55870U,3178.999642871002,6099.626055548141,1037.6865762482837,-4.762704092006008,1.5104143570159525,5.690699624293014,3476.214025351756,5824.314347770478,810.0831392882313,1.4469653958225763,0.1747953190669392,-7.5051871157237295,464.689413,14.644975,NEGLIGIBLE
2025-06-29 19:01:50.839280,GEESAT-1 01,55870U,3533.052572947775,5958.08706002113,640.1382540901349,-4.476638181889893,2.0322703228621046,5.759967008060408,3559.928277911624,5822.995221414153,276.1095504731731,1.1346696727659444,-0.3406589295180279,-7.553654839103178,389.215885,14.641383,NEGLIGIBLE
2025-06-29 19:48:50.839280,GEESAT-1 01,55870U,-3824.6124507688382,-5804.327103350151,-273.1420012760441,4.190644144786551,-2.491349719935247,-5.794711344368468,-3574.033454922007,-5837.998707489111,-219.11603956311237,-1.1027460716426043,0.3866862819887456,7.535707663459524,258.539,14.628846,NEGLIGIBLE
2025-06-29 19:19:50.839280,GEESAT-1 01,60790U,-2436.021306579172,4016.217943855037,5125.917708295695,-5.273867049139032,-5.201645923812491,1.5666652106185297,-2893.417768033587,4078.367266745277,5052.349661246284,-3.283419274883261,4.256246566772289,-5.222257042783626,467.425201,11.811142,NEGLIGIBLE
2025-06-29 20:08:50.839280,GEESAT-1 01,60790U,2716.2169415239127,-3729.517235005112,-5206.887144915186,5.1163036864155815,5.438069373416499,-1.2259334828704744,2617.786951103319,-3722.350275148051,-5509.584496004265,3.476393790146673,-4.532251562145198,4.789696919092944,318.379514,11.759439,NEGLIGIBLE
2025-06-30 00:57:50.839280,GEESAT-1 01,60865U,2818.0086199154684,-3601.5779676528737,-5242.7345180365255,5.102810052476343,5.491162439843257,-1.029227926433783,2936.90637995301,-3400.032422124337,-5462.07563219371,3.9356382567394568,-4.235965258378236,4.816407385490032,320.730118,11.408363,NEGLIGIBLE
2025-06-30 00:58:50.839280,GEESAT-1 01,60865U,3117.972061787895,-3264.69020642648,-5293.274469411794,4.892459529464868,5.734479268742703,-0.6548462166365016,3166.945464153465,-3647.1420353220906,-5162.206195419903,3.729609191235437,-3.998095379955975,5.17595570297596,407.242788,11.404976,NEGLIGIBLE
2025-06-30 01:46:50.839280,GEESAT-1 01,60865U,-3082.919094497275,3299.080717213714,5286.584583893144,-4.9289638287771576,-5.706039917741751,0.6853323054576832,-2891.866710302018,3354.6106935041903,5614.954959127643,-3.996997664192456,4.311303179911447,-4.562833026673448,383.942307,11.347201,NEGLIGIBLE
2025-06-30 00:56:50.839280,GEESAT-1 01,61422U,2506.0699597804214,-3923.16069261646,-5169.854415707622,5.291493320606598,5.224488385389259,-1.3992563419482842,2878.317994317172,-4053.2924811157377,-5165.390136478259,3.3173298130230964,-4.261492686602223,5.237857472248004,394.363806,11.744464,NEGLIGIBLE
2025-06-29 18:08:50.839280,SENTINEL-2A,21373U,-1424.3402754648089,-6723.938910639217,-2049.6884904574613,-1.5681973810429115,-1.8126407514540448,7.058809391835896,-1479.8228529792175,-6967.816331937126,-2296.5143442208987,-0.8516810291215239,2.390755230020872,-6.860480898806816,351.393675,14.557767,NEGLIGIBLE
2025-06-29 21:58:50.839280,SENTINEL-2A,30057U,-1168.2233870402129,-271.520281621798,7057.674463433375,1.7642339403185423,7.2260815113015395,0.5688289608285079,-1168.336142777977,17.614326838895035,7447.27513529879,0.6103298722021869,7.184157086984889,-0.0992382837952899,485.167515,1.334004,NEGLIGIBLE
2025-06-29 21:59:50.839280,SENTINEL-2A,30057U,-1060.1655056313352,162.29169159208922,7078.017642308324,1.8365268989400017,7.2296249977998785,0.1090581164956893,-1129.7868288224608,448.39451819192624,7428.864878526565,0.6743357154104167,7.1711774346410175,-0.5145560899835537,458.034648,1.320227,NEGLIGIBLE
2025-06-29 22:00:50.839280,SENTINEL-2A,30057U,-947.983056224942,595.4722653616278,7070.752973839041,1.9016745418924583,7.205041921792801,-0.3511356509031149,-1087.4555541118657,877.6730212620992,7385.525648156417,0.7363600071643245,7.134081773043862,-0.9299655238521009,445.164779,1.303088,NEGLIGIBLE
2025-06-29 22:01:50.839280,SENTINEL-2A,30057U,-832.1124516174378,1026.336152716893,7035.908584835826,1.959424984775764,7.152426862147888,-0.8099691992708132,-1041.4677369715955,1303.9995411505915,7317.292110566531,0.7961855841207454,7.072772989444508,-1.344128601710682,447.329053,1.282496,NEGLIGIBLE
2025-06-29 22:02:50.839280,SENTINEL-2A,30057U,-713.0043770916561,1453.2069511858572,6973.619474108472,2.009554510988788,7.071981323708569,-1.2656642782027436,-991.9617523037354,1725.9201027619551,7224.2798869628095,0.8535977447474599,6.987224704295438,-1.755685677677386,463.702839,1.258388,NEGLIGIBLE
2025-06-29 22:03:50.839280,SENTINEL-2A,30057U,-591.1220751800688,1874.4235406455125,6884.1270265796575,2.0518684011975044,6.964013108083135,-1.7164539465959592,-939.0887615235029,2141.9813895695875,7106.686757499462,0.9083849564198728,6.877484382911413,-2.1632583335810964,492.139057,1.230722,NEGLIGIBLE
2025-06-29 22:43:50.839280,SENTINEL-2A,30057U,1659.321882563845,2527.5166701743688,-6506.994849510125,-1.2637574143556725,-6.723715305461776,-2.935255331478497,1261.4608709750355,2792.35092414901,-6568.315752839212,-0.0842698353771767,-6.849049012554934,-3.0551304849381404,481.861826,1.19217,NEGLIGIBLE
2025-06-29 22:44:50.839280,SENTINEL-2A,30057U,1580.336547661126,2119.4655170239103,-6670.381832481122,-1.3682296858195413,-6.873570665506403,-2.5092159443762374,1254.0432033175628,2376.425685903279,-6739.15973853844,-0.1628800619063702,-7.010576695015057,-2.6382686081785347,420.982512,1.219956,NEGLIGIBLE
2025-06-29 22:45:50.839280,SENTINEL-2A,30057U,1495.240465616308,1703.218886323571,-6807.909815957132,-1.467383360653326,-6.996810177211324,-2.073567469903569,1241.9334530046974,1951.6096460102208,-6884.729542586427,-0.2406183067227654,-7.1453770658814735,-2.212926942530019,362.992676,1.243562,NEGLIGIBLE
2025-06-29 22:46:50.839280,SENTINEL-2A,30057U,1404.3641441825089,1280.3879682153092,-6919.052302607769,-1.56084224769998,-7.092976403001414,-1.6299838352031528,1225.1930327025336,1519.517298143393,-7004.568746303498,-0.3171835402526467,-7.253102480771368,-1.780847897313373,310.802487,1.262968,NEGLIGIBLE
2025-06-29 22:47:50.839280,SENTINEL-2A,30057U,1308.0600165999592,852.6083608955481,-7003.3840799271975,-1.648251924472681,-7.161713465207563,-1.1801662013216294,1203.9011333825213,1081.7802564649337,-7098.325605805674,-0.3922841691969786,-7.33352898586428,-1.3437786654975232,269.040376,1.27818,NEGLIGIBLE
2025-06-29 22:48:50.839280,SENTINEL-2A,30057U,1206.701101001142,421.5339495126729,-7060.582676509796,-1.7292808731295513,-7.202767896019301,-0.725837012026029,1178.1541204330292,640.0399125112541,-7165.753058068223,-0.465639301261864,-7.386554097927974,-0.90346195140829,244.173289,1.289232,NEGLIGIBLE
2025-06-29 22:49:50.839280,SENTINEL-2A,30057U,1100.6795937604393,-11.169257755790966,-7090.429461308312,-1.8036215449462087,-7.215989212605382,-0.2687340498794441,1148.0648584111364,195.94024698066323,-7206.70818850568,-0.536979875273722,-7.412193851193943,-0.4616271735432093,242.1992,1.296181,NEGLIGIBLE
2025-06-29 22:50:50.839280,SENTINEL-2A,30057U,990.4054009703732,-443.82932037120526,-7092.810386304315,-1.8709913560236373,-7.201330228093692,0.1893955002771712,1113.7619724388742,-248.87916298719276,-7221.151189858913,-0.6060496552456424,-7.410579193842173,-0.0199821954145797,263.995775,1.299116,NEGLIGIBLE
2025-06-29 22:51:50.839280,SENTINEL-2A,30057U,876.3046121568935,-874.7745669933024,-7067.716372946435,-1.9311336164201447,-7.158847105837495,0.6468009821340868,1075.3890542492816,-692.7899053228193,-7209.143844759117,-0.6726060890607615,-7.381951818208681,0.4197943753889378,304.556665,1.298152,NEGLIGIBLE
2025-06-29 22:52:50.839280,SENTINEL-2A,30057U,758.8179201371617,-1302.339792822129,-7015.243342601672,-1.983818394272436,-7.088699160864188,1.1017341965114844,1033.1038207817958,-1134.18123246256,-7170.847566221587,-0.736421034272689,-7.326659508337167,0.8560602917412911,357.383171,1.293438,NEGLIGIBLE
2025-06-29 22:53:50.839280,SENTINEL-2A,30057U,638.3989909539646,-1724.8724373501827,-6935.591891038428,-2.028843315538916,-6.991148408692793,1.5524553313543932,987.0772330305005,-1571.4662725795288,-7106.521031569801,-0.7972813550795268,-7.245151086435739,1.2872161579982258,417.524537,1.285151,NEGLIGIBLE
2025-06-29 22:54:50.839280,SENTINEL-2A,30057U,515.512787731451,-2140.738727370149,-6829.066606751268,-2.0660342990489102,-6.866558858010707,1.9972388967041297,937.4925825710296,-2003.0879311048616,-7016.517445954742,-0.8549893958160367,-7.13797103644313,1.7117113004010542,481.822069,1.273507,NEGLIGIBLE
2025-06-29 15:02:50.839280,SENTINEL-2A,30299U,-1807.756397772189,-6938.493858695769,0.0019545153896019,-1.0724841496803534,0.2883253752877799,7.374496725607258,-2292.849176498629,-6909.641135768289,-66.31349065806256,-1.1034546406619528,0.382467729714977,7.293230324834099,490.454098,0.128165,NEGLIGIBLE
2025-06-30 03:04:50.839280,SENTINEL-2A,30755U,-730.0030660158628,1408.5907939565077,6980.997662697367,1.979374164720041,7.088359124773919,-1.2207776148609943,-947.7673666669094,994.9999870662097,6883.088313136158,7.507728088226869,0.1826620881504225,1.0632944951600594,477.561396,9.136101,NEGLIGIBLE
2025-06-30 03:54:50.839280,SENTINEL-2A,30755U,775.1274346847222,-1257.4281825194507,-7021.651820374004,-1.9533204040113183,-7.103963932042525,1.056874629674961,1135.967951331958,-1020.0468525550872,-7065.253696072462,-7.281766421216674,-0.189604162500099,-1.0877380428680676,434.116226,8.988886,NEGLIGIBLE
2025-06-29 15:42:50.839280,SENTINEL-2A,37570U,-1807.756397772189,-6938.493858695769,0.0019545153896019,-1.0724841496803534,0.2883253752877799,7.374496725607258,-1772.4771337568116,-6791.176062527672,447.7617646832948,-0.9017479572128853,0.6348881918752468,7.452296808679674,472.690181,0.394093,NEGLIGIBLE
2025-06-29 18:36:50.839280,SENTINEL-2A,55870U,-1232.253690266896,-528.7609662248585,7032.209262961457,1.7348278287365018,7.206277020339193,0.8440741357455105,-1385.8793751269816,-308.7333901008392,6692.687065314897,3.8372917802578175,6.497391679731655,1.0835248099116583,432.768192,2.231638,NEGLIGIBLE
2025-06-29 18:37:50.839280,SENTINEL-2A,55870U,-1125.8344474896282,-95.6360763687171,7069.105830029985,1.811329616742673,7.226533746475256,0.3854144355333795,-1152.725283940904,81.5087473963439,6742.698473296128,3.931620021117845,6.505833989973264,0.5828803005602059,372.350867,2.248118,NEGLIGIBLE
2025-06-29 18:38:50.839280,SENTINEL-2A,55870U,-1015.035121434289,337.860873096993,7078.429100791913,1.8807829226630008,7.218675536786053,-0.0747390998323046,-914.4346123191584,471.3876059474736,6762.578810359132,4.008446095971882,6.485284756762486,0.0795293891776855,357.367118,2.255795,NEGLIGIBLE
2025-06-29 18:39:50.839280,SENTINEL-2A,55870U,-900.2868058983261,770.0433793109315,7060.142924727767,1.9429194441166249,7.182733199717098,-0.5346034772654621,-672.0682606599573,859.1653657014556,6752.2322548051325,4.0674238671111445,6.435820984393268,-0.424307992392508,393.491313,2.254676,NEGLIGIBLE
2025-06-29 18:40:50.839280,SENTINEL-2A,55870U,-782.0358607726596,1199.2300019336456,7014.318130073728,1.997498767301696,7.118844631599914,-0.99239673764851,-426.7056176643068,1243.112553748966,6711.696358895457,4.108283380413835,6.35764374695618,-0.9264075557552336,468.791208,2.244815,NEGLIGIBLE
